model,class,tp,fp,fn,precision,recall,f1,conf,match_iou
yolo11n_88,wood,255,149,206,0.6311881188118812,0.5531453362255966,0.5895953757225434,0.25,0.5
yolo11n_88,box,561,211,105,0.7266839378238342,0.8423423423423423,0.7802503477051461,0.25,0.5
yolo11n_88,pet,179,29,15,0.8605769230769231,0.9226804123711341,0.8905472636815921,0.25,0.5
yolo11n_88,ALL,995,389,326,0.7189306358381503,0.753217259651779,0.7356746765249537,0.25,0.5
alope_121,wood,273,156,188,0.6363636363636364,0.5921908893709328,0.6134831460674157,0.25,0.5
alope_121,box,545,214,121,0.7180500658761528,0.8183183183183184,0.7649122807017543,0.25,0.5
alope_121,pet,177,35,17,0.8349056603773585,0.9123711340206185,0.8719211822660099,0.25,0.5
alope_121,ALL,995,405,326,0.7107142857142857,0.753217259651779,0.7313487688349871,0.25,0.5
alope_151,wood,269,151,192,0.6404761904761904,0.5835140997830802,0.6106696935300795,0.25,0.5
alope_151,box,542,186,124,0.7445054945054945,0.8138138138138138,0.7776183644189383,0.25,0.5
alope_151,pet,177,24,17,0.8805970149253731,0.9123711340206185,0.8962025316455695,0.25,0.5
alope_151,ALL,988,361,333,0.7323943661971831,0.7479182437547313,0.7400749063670413,0.25,0.5
alope_181,wood,257,133,204,0.658974358974359,0.5574837310195228,0.6039952996474736,0.25,0.5
alope_181,box,548,186,118,0.7465940054495913,0.8228228228228228,0.7828571428571428,0.25,0.5
alope_181,pet,179,25,15,0.8774509803921569,0.9226804123711341,0.8994974874371859,0.25,0.5
alope_181,ALL,984,344,337,0.7409638554216867,0.744890234670704,0.7429218573046433,0.25,0.5
