model,class,conf,tp,fp,fn,precision,recall,f1,best_conf,is_best_f1
yolo11n_88,wood,0.2,270,212,191,0.5601659751037344,0.5856832971800434,0.5726405090137858,0.4,False
yolo11n_88,wood,0.25,255,149,206,0.6311881188118812,0.5531453362255966,0.5895953757225434,0.4,False
yolo11n_88,wood,0.3,243,106,218,0.6962750716332379,0.527114967462039,0.6,0.4,False
yolo11n_88,wood,0.4,224,61,237,0.7859649122807018,0.48590021691973967,0.6005361930294906,0.4,True
yolo11n_88,wood,0.5,196,33,265,0.8558951965065502,0.42516268980477223,0.5681159420289855,0.4,False
alope_121,wood,0.2,289,199,172,0.5922131147540983,0.6268980477223427,0.6090621707060063,0.3,False
alope_121,wood,0.25,273,156,188,0.6363636363636364,0.5921908893709328,0.6134831460674157,0.3,False
alope_121,wood,0.3,258,111,203,0.6991869918699187,0.559652928416486,0.6216867469879519,0.3,True
alope_121,wood,0.4,229,64,232,0.7815699658703071,0.4967462039045553,0.6074270557029178,0.3,False
alope_121,wood,0.5,202,36,259,0.8487394957983193,0.43817787418655096,0.5779685264663806,0.3,False
alope_151,wood,0.2,276,209,185,0.5690721649484536,0.5986984815618221,0.5835095137420718,0.3,False
alope_151,wood,0.25,269,151,192,0.6404761904761904,0.5835140997830802,0.6106696935300795,0.3,False
alope_151,wood,0.3,261,115,200,0.6941489361702128,0.5661605206073753,0.6236559139784946,0.3,True
alope_151,wood,0.4,232,65,229,0.7811447811447811,0.5032537960954447,0.612137203166227,0.3,False
alope_151,wood,0.5,206,36,255,0.8512396694214877,0.44685466377440347,0.5860597439544808,0.3,False
alope_181,wood,0.2,274,175,187,0.6102449888641426,0.5943600867678959,0.6021978021978023,0.3,False
alope_181,wood,0.25,257,133,204,0.658974358974359,0.5574837310195228,0.6039952996474736,0.3,False
alope_181,wood,0.3,252,95,209,0.7262247838616714,0.5466377440347071,0.6237623762376238,0.3,True
alope_181,wood,0.4,230,64,231,0.782312925170068,0.49891540130151846,0.609271523178808,0.3,False
alope_181,wood,0.5,214,46,247,0.823076923076923,0.4642082429501085,0.5936199722607489,0.3,False
