model,size,gt_wood,detected_wood,recall,area_rule
yolo11n_88,small,60,9,0.15,<1%
yolo11n_88,medium,87,33,0.3793103448275862,1~5%
yolo11n_88,large,314,213,0.678343949044586,>=5%
alope_121,small,60,9,0.15,<1%
alope_121,medium,87,36,0.41379310344827586,1~5%
alope_121,large,314,228,0.7261146496815286,>=5%
alope_151,small,60,10,0.16666666666666666,<1%
alope_151,medium,87,41,0.47126436781609193,1~5%
alope_151,large,314,218,0.6942675159235668,>=5%
alope_181,small,60,11,0.18333333333333332,<1%
alope_181,medium,87,30,0.3448275862068966,1~5%
alope_181,large,314,216,0.6878980891719745,>=5%
